ID,Username
1,Person 1
2,Person 2
3,Person 3
4,Person 4
5,Person 5
6,Person 6
7,Person 7
8,Person 8
9,Person 9
10,Person 10
11,Person 11
12,Person 12
13,Person 13
14,Person 14
15,Person 15
16,Person 16
17,Person 17
18,Person 18
19,Person 19
20,Person 20
21,Person 21
22,Person 22
23,Person 23
24,Person 24
25,Person 25
26,Person 26
27,Person 27
28,Person 28
29,Person 29
30,Person 30
31,Person 31
32,Person 32
33,Person 33
34,Person 34
35,Person 35
36,Person 36
37,Person 37
38,Person 38
39,Person 39
40,Person 40
41,Person 41
42,Person 42
43,Person 43
44,Person 44
45,Person 45
46,Person 46
47,Person 47
48,Person 48
49,Person 49
50,Person 50
51,Person 51
52,Person 52
53,Person 53
54,Person 54
55,Person 55
56,Person 56
57,Person 57
58,Person 58
59,Person 59
60,Person 60
61,Person 61
62,Person 62
63,Person 63
64,Person 64
65,Person 65
66,Person 66
67,Person 67
68,Person 68
69,Person 69
70,Person 70
71,Person 71
72,Person 72
73,Person 73
74,Person 74
75,Person 75
76,Person 76
77,Person 77
78,Person 78
79,Person 79
80,Person 80
81,Person 81
82,Person 82
83,Person 83
84,Person 84
85,Person 85
86,Person 86
87,Person 87
88,Person 88
89,Person 89
90,Person 90
91,Person 91
92,Person 92
93,Person 93
94,Person 94
95,Person 95
96,Person 96
97,Person 97
98,Person 98
99,Person 99
100,Person 100
101,Person 101
102,Person 102
103,Person 103
104,Person 104
105,Person 105
106,Person 106
107,Person 107
108,Person 108
109,Person 109
110,Person 110
111,Person 111
112,Person 112
113,Person 113
114,Person 114
115,Person 115
116,Person 116
117,Person 117
118,Person 118
119,Person 119
120,Person 120
121,Person 121
122,Person 122
123,Person 123
124,Person 124
125,Person 125
126,Person 126
127,Person 127
128,Person 128
129,Person 129
130,Person 130
131,Person 131
132,Person 132
133,Person 133
134,Person 134
135,Person 135
136,Person 136
137,Person 137
138,Person 138
139,Person 139
140,Person 140
141,Person 141
142,Person 142
143,Person 143
144,Person 144
145,Person 145
146,Person 146
147,Person 147
148,Person 148
149,Person 149
150,Person 150
151,Person 151
152,Person 152
153,Person 153
154,Person 154
155,Person 155
156,Person 156
157,Person 157
158,Person 158
159,Person 159
160,Person 160
161,Person 161
162,Person 162
163,Person 163
164,Person 164
165,Person 165
166,Person 166
167,Person 167
168,Person 168
169,Person 169
170,Person 170
171,Person 171
172,Person 172
173,Person 173
174,Person 174
175,Person 175
176,Person 176
177,Person 177
178,Person 178
179,Person 179
180,Person 180
181,Person 181
182,Person 182
183,Person 183
184,Person 184
185,Person 185
186,Person 186
187,Person 187
188,Person 188
189,Person 189
190,Person 190
191,Person 191
192,Person 192
193,Person 193
194,Person 194
195,Person 195
196,Person 196
197,Person 197
198,Person 198
199,Person 199
200,Person 200
201,Person 201
202,Person 202
203,Person 203
204,Person 204
205,Person 205
206,Person 206
207,Person 207
208,Person 208
209,Person 209
210,Person 210
211,Person 211
212,Person 212
213,Person 213
214,Person 214
215,Person 215
216,Person 216
217,Person 217
218,Person 218
219,Person 219
220,Person 220
221,Person 221
222,Person 222
223,Person 223
224,Person 224
225,Person 225
226,Person 226
227,Person 227
228,Person 228
229,Person 229
230,Person 230
231,Person 231
232,Person 232
233,Person 233
234,Person 234
235,Person 235
236,Person 236
237,Person 237
238,Person 238
239,Person 239
240,Person 240
241,Person 241
242,Person 242
243,Person 243
244,Person 244
245,Person 245
246,Person 246
247,Person 247
248,Person 248
249,Person 249
250,Person 250
251,Person 251
252,Person 252
253,Person 253
254,Person 254
255,Person 255
256,Person 256
257,Person 257
258,Person 258
259,Person 259
260,Person 260
261,Person 261
262,Person 262
263,Person 263
264,Person 264
265,Person 265
266,Person 266
267,Person 267
268,Person 268
269,Person 269
270,Person 270
271,Person 271
272,Person 272
273,Person 273
274,Person 274
275,Person 275
276,Person 276
277,Person 277
278,Person 278
279,Person 279
280,Person 280
281,Person 281
282,Person 282
283,Person 283
284,Person 284
285,Person 285
286,Person 286
287,Person 287
288,Person 288
289,Person 289
290,Person 290
291,Person 291
292,Person 292
293,Person 293
294,Person 294
295,Person 295
296,Person 296
297,Person 297
298,Person 298
299,Person 299
300,Person 300
301,Person 301
302,Person 302
303,Person 303
304,Person 304
305,Person 305
306,Person 306
307,Person 307
308,Person 308
309,Person 309
310,Person 310
311,Person 311
312,Person 312
313,Person 313
314,Person 314
315,Person 315
316,Person 316
317,Person 317
318,Person 318
319,Person 319
320,Person 320
321,Person 321
322,Person 322
323,Person 323
324,Person 324
325,Person 325
326,Person 326
327,Person 327
328,Person 328
329,Person 329
330,Person 330
331,Person 331
332,Person 332
333,Person 333
334,Person 334
335,Person 335
336,Person 336
337,Person 337
338,Person 338
339,Person 339
340,Person 340
341,Person 341
342,Person 342
343,Person 343
344,Person 344
345,Person 345
346,Person 346
347,Person 347
348,Person 348
349,Person 349
350,Person 350
351,Person 351
352,Person 352
353,Person 353
354,Person 354
355,Person 355
356,Person 356
357,Person 357
358,Person 358
359,Person 359
360,Person 360
361,Person 361
362,Person 362
363,Person 363
364,Person 364
365,Person 365
366,Person 366
367,Person 367
368,Person 368
369,Person 369
370,Person 370
371,Person 371
372,Person 372
373,Person 373
374,Person 374
375,Person 375
376,Person 376
377,Person 377
378,Person 378
379,Person 379
380,Person 380
381,Person 381
382,Person 382
383,Person 383
384,Person 384
385,Person 385
386,Person 386
387,Person 387
388,Person 388
389,Person 389
390,Person 390
391,Person 391
392,Person 392
393,Person 393
394,Person 394
395,Person 395
396,Person 396
397,Person 397
398,Person 398
399,Person 399
400,Person 400
401,Person 401
402,Person 402
403,Person 403
404,Person 404
405,Person 405
406,Person 406
407,Person 407
408,Person 408
409,Person 409
410,Person 410
411,Person 411
412,Person 412
413,Person 413
414,Person 414
415,Person 415
416,Person 416
417,Person 417
418,Person 418
419,Person 419
420,Person 420
421,Person 421
422,Person 422
423,Person 423
424,Person 424
425,Person 425
426,Person 426
427,Person 427
428,Person 428
429,Person 429
430,Person 430
431,Person 431
432,Person 432
433,Person 433
434,Person 434
435,Person 435
436,Person 436
437,Person 437
438,Person 438
439,Person 439
440,Person 440
441,Person 441
442,Person 442
443,Person 443
444,Person 444
445,Person 445
446,Person 446
447,Person 447
448,Person 448
449,Person 449
450,Person 450
451,Person 451
452,Person 452
453,Person 453
454,Person 454
455,Person 455
456,Person 456
457,Person 457
458,Person 458
459,Person 459
460,Person 460
461,Person 461
462,Person 462
463,Person 463
464,Person 464
465,Person 465
466,Person 466
467,Person 467
468,Person 468
469,Person 469
470,Person 470
471,Person 471
472,Person 472
473,Person 473
474,Person 474
475,Person 475
476,Person 476
477,Person 477
478,Person 478
479,Person 479
480,Person 480
481,Person 481
482,Person 482
483,Person 483
484,Person 484
485,Person 485
486,Person 486
487,Person 487
488,Person 488
489,Person 489
490,Person 490
491,Person 491
492,Person 492
493,Person 493
494,Person 494
495,Person 495
496,Person 496
497,Person 497
498,Person 498
499,Person 499
500,Person 500
501,Person 501
502,Person 502
503,Person 503
504,Person 504
505,Person 505
506,Person 506
507,Person 507
508,Person 508
509,Person 509
510,Person 510
511,Person 511
512,Person 512
513,Person 513
514,Person 514
515,Person 515
516,Person 516
517,Person 517
518,Person 518
519,Person 519
520,Person 520
521,Person 521
522,Person 522
523,Person 523
524,Person 524
525,Person 525
526,Person 526
527,Person 527
528,Person 528
529,Person 529
530,Person 530
531,Person 531
532,Person 532
533,Person 533
534,Person 534
535,Person 535
536,Person 536
537,Person 537
538,Person 538
539,Person 539
540,Person 540
541,Person 541
542,Person 542
543,Person 543
544,Person 544
545,Person 545
546,Person 546
547,Person 547
548,Person 548
549,Person 549
550,Person 550
551,Person 551
552,Person 552
553,Person 553
554,Person 554
555,Person 555
556,Person 556
557,Person 557
558,Person 558
559,Person 559
560,Person 560
561,Person 561
562,Person 562
563,Person 563
564,Person 564
565,Person 565
566,Person 566
567,Person 567
568,Person 568
569,Person 569
570,Person 570
571,Person 571
572,Person 572
573,Person 573
574,Person 574
575,Person 575
576,Person 576
577,Person 577
578,Person 578
579,Person 579
580,Person 580
581,Person 581
582,Person 582
583,Person 583
584,Person 584
585,Person 585
586,Person 586
587,Person 587
588,Person 588
589,Person 589
590,Person 590
591,Person 591
592,Person 592
593,Person 593
594,Person 594
595,Person 595
596,Person 596
597,Person 597
598,Person 598
599,Person 599
600,Person 600
601,Person 601
602,Person 602
603,Person 603
604,Person 604
605,Person 605
606,Person 606
607,Person 607
608,Person 608
609,Person 609
610,Person 610
611,Person 611
612,Person 612
613,Person 613
614,Person 614
615,Person 615
616,Person 616
617,Person 617
618,Person 618
619,Person 619
620,Person 620
621,Person 621
622,Person 622
623,Person 623
624,Person 624
625,Person 625
626,Person 626
627,Person 627
628,Person 628
629,Person 629
630,Person 630
631,Person 631
632,Person 632
633,Person 633
634,Person 634
635,Person 635
636,Person 636
637,Person 637
638,Person 638
639,Person 639
640,Person 640
641,Person 641
642,Person 642
643,Person 643
644,Person 644
645,Person 645
646,Person 646
647,Person 647
648,Person 648
649,Person 649
650,Person 650
651,Person 651
652,Person 652
653,Person 653
654,Person 654
655,Person 655
656,Person 656
657,Person 657
658,Person 658
659,Person 659
660,Person 660
661,Person 661
662,Person 662
663,Person 663
664,Person 664
665,Person 665
666,Person 666
667,Person 667
668,Person 668
669,Person 669
670,Person 670
671,Person 671
672,Person 672
673,Person 673
674,Person 674
675,Person 675
676,Person 676
677,Person 677
678,Person 678
679,Person 679
680,Person 680
681,Person 681
682,Person 682
683,Person 683
684,Person 684
685,Person 685
686,Person 686
687,Person 687
688,Person 688
689,Person 689
690,Person 690
691,Person 691
692,Person 692
693,Person 693
694,Person 694
695,Person 695
696,Person 696
697,Person 697
698,Person 698
699,Person 699
700,Person 700
701,Person 701
702,Person 702
703,Person 703
704,Person 704
705,Person 705
706,Person 706
707,Person 707
708,Person 708
709,Person 709
710,Person 710
711,Person 711
712,Person 712
713,Person 713
714,Person 714
715,Person 715
716,Person 716
717,Person 717
718,Person 718
719,Person 719
720,Person 720
721,Person 721
722,Person 722
723,Person 723
724,Person 724
725,Person 725
726,Person 726
727,Person 727
728,Person 728
729,Person 729
730,Person 730
731,Person 731
732,Person 732
733,Person 733
734,Person 734
735,Person 735
736,Person 736
737,Person 737
738,Person 738
739,Person 739
740,Person 740
741,Person 741
742,Person 742
743,Person 743
744,Person 744
745,Person 745
746,Person 746
747,Person 747
748,Person 748
749,Person 749
750,Person 750
751,Person 751
752,Person 752
753,Person 753
754,Person 754
755,Person 755
756,Person 756
757,Person 757
758,Person 758
759,Person 759
760,Person 760
761,Person 761
762,Person 762
763,Person 763
764,Person 764
765,Person 765
766,Person 766
767,Person 767
768,Person 768
769,Person 769
770,Person 770
771,Person 771
772,Person 772
773,Person 773
774,Person 774
775,Person 775
776,Person 776
777,Person 777
778,Person 778
779,Person 779
780,Person 780
781,Person 781
782,Person 782
783,Person 783
784,Person 784
785,Person 785
786,Person 786
787,Person 787
788,Person 788
789,Person 789
790,Person 790
791,Person 791
792,Person 792
793,Person 793
794,Person 794
795,Person 795
796,Person 796
797,Person 797
798,Person 798
799,Person 799
800,Person 800
801,Person 801
802,Person 802
803,Person 803
804,Person 804
805,Person 805
806,Person 806
807,Person 807
808,Person 808
809,Person 809
810,Person 810
811,Person 811
812,Person 812
813,Person 813
814,Person 814
815,Person 815
816,Person 816
817,Person 817
818,Person 818
819,Person 819
820,Person 820
821,Person 821
822,Person 822
823,Person 823
824,Person 824
825,Person 825
826,Person 826
827,Person 827
828,Person 828
829,Person 829
830,Person 830
831,Person 831
832,Person 832
833,Person 833
834,Person 834
835,Person 835
836,Person 836
837,Person 837
838,Person 838
839,Person 839
840,Person 840
841,Person 841
842,Person 842
843,Person 843
844,Person 844
845,Person 845
846,Person 846
847,Person 847
848,Person 848
849,Person 849
850,Person 850
851,Person 851
852,Person 852
853,Person 853
854,Person 854
855,Person 855
856,Person 856
857,Person 857
858,Person 858
859,Person 859
860,Person 860
861,Person 861
862,Person 862
863,Person 863
864,Person 864
865,Person 865
866,Person 866
867,Person 867
868,Person 868
869,Person 869
870,Person 870
871,Person 871
872,Person 872
873,Person 873
874,Person 874
875,Person 875
876,Person 876
877,Person 877
878,Person 878
879,Person 879
880,Person 880
881,Person 881
882,Person 882
883,Person 883
884,Person 884
885,Person 885
886,Person 886
887,Person 887
888,Person 888
889,Person 889
890,Person 890
891,Person 891
892,Person 892
893,Person 893
894,Person 894
895,Person 895
896,Person 896
897,Person 897
898,Person 898
899,Person 899
900,Person 900
901,Person 901
902,Person 902
903,Person 903
904,Person 904
905,Person 905
906,Person 906
907,Person 907
908,Person 908
909,Person 909
910,Person 910
911,Person 911
912,Person 912
913,Person 913
914,Person 914
915,Person 915
916,Person 916
917,Person 917
918,Person 918
919,Person 919
920,Person 920
921,Person 921
922,Person 922
923,Person 923
924,Person 924
925,Person 925
926,Person 926
927,Person 927
928,Person 928
929,Person 929
930,Person 930
931,Person 931
932,Person 932
933,Person 933
934,Person 934
935,Person 935
936,Person 936
937,Person 937
938,Person 938
939,Person 939
940,Person 940
941,Person 941
942,Person 942
943,Person 943
944,Person 944
945,Person 945
946,Person 946
947,Person 947
948,Person 948
949,Person 949
950,Person 950
951,Person 951
952,Person 952
953,Person 953
954,Person 954
955,Person 955
956,Person 956
957,Person 957
958,Person 958
959,Person 959
960,Person 960
961,Person 961
962,Person 962
963,Person 963
964,Person 964
965,Person 965
966,Person 966
967,Person 967
968,Person 968
969,Person 969
970,Person 970
971,Person 971
972,Person 972
973,Person 973
974,Person 974
975,Person 975
976,Person 976
977,Person 977
978,Person 978
979,Person 979
980,Person 980
981,Person 981
982,Person 982
983,Person 983
984,Person 984
985,Person 985
986,Person 986
987,Person 987
988,Person 988
989,Person 989
990,Person 990
991,Person 991
992,Person 992
993,Person 993
994,Person 994
995,Person 995
996,Person 996
997,Person 997
998,Person 998
999,Person 999
1000,Person 1000
1,Person 1
2,Person 2
3,Person 3
4,Person 4
5,Person 5
6,Person 6
7,Person 7
8,Person 8
9,Person 9
10,Person 10
11,Person 11
12,Person 12
13,Person 13
14,Person 14
15,Person 15
16,Person 16
17,Person 17
18,Person 18
19,Person 19
20,Person 20
21,Person 21
22,Person 22
23,Person 23
24,Person 24
25,Person 25
26,Person 26
27,Person 27
28,Person 28
29,Person 29
30,Person 30
31,Person 31
32,Person 32
33,Person 33
34,Person 34
35,Person 35
36,Person 36
37,Person 37
38,Person 38
39,Person 39
40,Person 40
41,Person 41
42,Person 42
43,Person 43
44,Person 44
45,Person 45
46,Person 46
47,Person 47
48,Person 48
49,Person 49
50,Person 50
51,Person 51
52,Person 52
53,Person 53
54,Person 54
55,Person 55
56,Person 56
57,Person 57
58,Person 58
59,Person 59
60,Person 60
61,Person 61
62,Person 62
63,Person 63
64,Person 64
65,Person 65
66,Person 66
67,Person 67
68,Person 68
69,Person 69
70,Person 70
71,Person 71
72,Person 72
73,Person 73
74,Person 74
75,Person 75
76,Person 76
77,Person 77
78,Person 78
79,Person 79
80,Person 80
81,Person 81
82,Person 82
83,Person 83
84,Person 84
85,Person 85
86,Person 86
87,Person 87
88,Person 88
89,Person 89
90,Person 90
91,Person 91
92,Person 92
93,Person 93
94,Person 94
95,Person 95
96,Person 96
97,Person 97
98,Person 98
99,Person 99
100,Person 100
101,Person 101
102,Person 102
103,Person 103
104,Person 104
105,Person 105
106,Person 106
107,Person 107
108,Person 108
109,Person 109
110,Person 110
111,Person 111
112,Person 112
113,Person 113
114,Person 114
115,Person 115
116,Person 116
117,Person 117
118,Person 118
119,Person 119
120,Person 120
121,Person 121
122,Person 122
123,Person 123
124,Person 124
125,Person 125
126,Person 126
127,Person 127
128,Person 128
129,Person 129
130,Person 130
131,Person 131
132,Person 132
133,Person 133
134,Person 134
135,Person 135
136,Person 136
137,Person 137
138,Person 138
139,Person 139
140,Person 140
141,Person 141
142,Person 142
143,Person 143
144,Person 144
145,Person 145
146,Person 146
147,Person 147
148,Person 148
149,Person 149
150,Person 150
151,Person 151
152,Person 152
153,Person 153
154,Person 154
155,Person 155
156,Person 156
157,Person 157
158,Person 158
159,Person 159
160,Person 160
161,Person 161
162,Person 162
163,Person 163
164,Person 164
165,Person 165
166,Person 166
167,Person 167
168,Person 168
169,Person 169
170,Person 170
171,Person 171
172,Person 172
173,Person 173
174,Person 174
175,Person 175
176,Person 176
177,Person 177
178,Person 178
179,Person 179
180,Person 180
181,Person 181
182,Person 182
183,Person 183
184,Person 184
185,Person 185
186,Person 186
187,Person 187
188,Person 188
189,Person 189
190,Person 190
191,Person 191
192,Person 192
193,Person 193
194,Person 194
195,Person 195
196,Person 196
197,Person 197
198,Person 198
199,Person 199
200,Person 200
201,Person 201
202,Person 202
203,Person 203
204,Person 204
205,Person 205
206,Person 206
207,Person 207
208,Person 208
209,Person 209
210,Person 210
211,Person 211
212,Person 212
213,Person 213
214,Person 214
215,Person 215
216,Person 216
217,Person 217
218,Person 218
219,Person 219
220,Person 220
221,Person 221
222,Person 222
223,Person 223
224,Person 224
225,Person 225
226,Person 226
227,Person 227
228,Person 228
229,Person 229
230,Person 230
231,Person 231
232,Person 232
233,Person 233
234,Person 234
235,Person 235
236,Person 236
237,Person 237
238,Person 238
239,Person 239
240,Person 240
241,Person 241
242,Person 242
243,Person 243
244,Person 244
245,Person 245
246,Person 246
247,Person 247
248,Person 248
249,Person 249
250,Person 250
251,Person 251
252,Person 252
253,Person 253
254,Person 254
255,Person 255
256,Person 256
257,Person 257
258,Person 258
259,Person 259
260,Person 260
261,Person 261
262,Person 262
263,Person 263
264,Person 264
265,Person 265
266,Person 266
267,Person 267
268,Person 268
269,Person 269
270,Person 270
271,Person 271
272,Person 272
273,Person 273
274,Person 274
275,Person 275
276,Person 276
277,Person 277
278,Person 278
279,Person 279
280,Person 280
281,Person 281
282,Person 282
283,Person 283
284,Person 284
285,Person 285
286,Person 286
287,Person 287
288,Person 288
289,Person 289
290,Person 290
291,Person 291
292,Person 292
293,Person 293
294,Person 294
295,Person 295
296,Person 296
297,Person 297
298,Person 298
299,Person 299
300,Person 300
301,Person 301
302,Person 302
303,Person 303
304,Person 304
305,Person 305
306,Person 306
307,Person 307
308,Person 308
309,Person 309
310,Person 310
311,Person 311
312,Person 312
313,Person 313
314,Person 314
315,Person 315
316,Person 316
317,Person 317
318,Person 318
319,Person 319
320,Person 320
321,Person 321
322,Person 322
323,Person 323
324,Person 324
325,Person 325
326,Person 326
327,Person 327
328,Person 328
329,Person 329
330,Person 330
331,Person 331
332,Person 332
333,Person 333
334,Person 334
335,Person 335
336,Person 336
337,Person 337
338,Person 338
339,Person 339
340,Person 340
341,Person 341
342,Person 342
343,Person 343
344,Person 344
345,Person 345
346,Person 346
347,Person 347
348,Person 348
349,Person 349
350,Person 350
351,Person 351
352,Person 352
353,Person 353
354,Person 354
355,Person 355
356,Person 356
357,Person 357
358,Person 358
359,Person 359
360,Person 360
361,Person 361
362,Person 362
363,Person 363
364,Person 364
365,Person 365
366,Person 366
367,Person 367
368,Person 368
369,Person 369
370,Person 370
371,Person 371
372,Person 372
373,Person 373
374,Person 374
375,Person 375
376,Person 376
377,Person 377
378,Person 378
379,Person 379
380,Person 380
381,Person 381
382,Person 382
383,Person 383
384,Person 384
385,Person 385
386,Person 386
387,Person 387
388,Person 388
389,Person 389
390,Person 390
391,Person 391
392,Person 392
393,Person 393
394,Person 394
395,Person 395
396,Person 396
397,Person 397
398,Person 398
399,Person 399
400,Person 400
401,Person 401
402,Person 402
403,Person 403
404,Person 404
405,Person 405
406,Person 406
407,Person 407
408,Person 408
409,Person 409
410,Person 410
411,Person 411
412,Person 412
413,Person 413
414,Person 414
415,Person 415
416,Person 416
417,Person 417
418,Person 418
419,Person 419
420,Person 420
421,Person 421
422,Person 422
423,Person 423
424,Person 424
425,Person 425
426,Person 426
427,Person 427
428,Person 428
429,Person 429
430,Person 430
431,Person 431
432,Person 432
433,Person 433
434,Person 434
435,Person 435
436,Person 436
437,Person 437
438,Person 438
439,Person 439
440,Person 440
441,Person 441
442,Person 442
443,Person 443
444,Person 444
445,Person 445
446,Person 446
447,Person 447
448,Person 448
449,Person 449
450,Person 450
451,Person 451
452,Person 452
453,Person 453
454,Person 454
455,Person 455
456,Person 456
457,Person 457
458,Person 458
459,Person 459
460,Person 460
461,Person 461
462,Person 462
463,Person 463
464,Person 464
465,Person 465
466,Person 466
467,Person 467
468,Person 468
469,Person 469
470,Person 470
471,Person 471
472,Person 472
473,Person 473
474,Person 474
475,Person 475
476,Person 476
477,Person 477
478,Person 478
479,Person 479
480,Person 480
481,Person 481
482,Person 482
483,Person 483
484,Person 484
485,Person 485
486,Person 486
487,Person 487
488,Person 488
489,Person 489
490,Person 490
491,Person 491
492,Person 492
493,Person 493
494,Person 494
495,Person 495
496,Person 496
497,Person 497
498,Person 498
499,Person 499
500,Person 500
501,Person 501
502,Person 502
503,Person 503
504,Person 504
505,Person 505
506,Person 506
507,Person 507
508,Person 508
509,Person 509
510,Person 510
511,Person 511
512,Person 512
513,Person 513
514,Person 514
515,Person 515
516,Person 516
517,Person 517
518,Person 518
519,Person 519
520,Person 520
521,Person 521
522,Person 522
523,Person 523
524,Person 524
525,Person 525
526,Person 526
527,Person 527
528,Person 528
529,Person 529
530,Person 530
531,Person 531
532,Person 532
533,Person 533
534,Person 534
535,Person 535
536,Person 536
537,Person 537
538,Person 538
539,Person 539
540,Person 540
541,Person 541
542,Person 542
543,Person 543
544,Person 544
545,Person 545
546,Person 546
547,Person 547
548,Person 548
549,Person 549
550,Person 550
551,Person 551
552,Person 552
553,Person 553
554,Person 554
555,Person 555
556,Person 556
557,Person 557
558,Person 558
559,Person 559
560,Person 560
561,Person 561
562,Person 562
563,Person 563
564,Person 564
565,Person 565
566,Person 566
567,Person 567
568,Person 568
569,Person 569
570,Person 570
571,Person 571
572,Person 572
573,Person 573
574,Person 574
575,Person 575
576,Person 576
577,Person 577
578,Person 578
579,Person 579
580,Person 580
581,Person 581
582,Person 582
583,Person 583
584,Person 584
585,Person 585
586,Person 586
587,Person 587
588,Person 588
589,Person 589
590,Person 590
591,Person 591
592,Person 592
593,Person 593
594,Person 594
595,Person 595
596,Person 596
597,Person 597
598,Person 598
599,Person 599
600,Person 600
601,Person 601
602,Person 602
603,Person 603
604,Person 604
605,Person 605
606,Person 606
607,Person 607
608,Person 608
609,Person 609
610,Person 610
611,Person 611
612,Person 612
613,Person 613
614,Person 614
615,Person 615
616,Person 616
617,Person 617
618,Person 618
619,Person 619
620,Person 620
621,Person 621
622,Person 622
623,Person 623
624,Person 624
625,Person 625
626,Person 626
627,Person 627
628,Person 628
629,Person 629
630,Person 630
631,Person 631
632,Person 632
633,Person 633
634,Person 634
635,Person 635
636,Person 636
637,Person 637
638,Person 638
639,Person 639
640,Person 640
641,Person 641
642,Person 642
643,Person 643
644,Person 644
645,Person 645
646,Person 646
647,Person 647
648,Person 648
649,Person 649
650,Person 650
651,Person 651
652,Person 652
653,Person 653
654,Person 654
655,Person 655
656,Person 656
657,Person 657
658,Person 658
659,Person 659
660,Person 660
661,Person 661
662,Person 662
663,Person 663
664,Person 664
665,Person 665
666,Person 666
667,Person 667
668,Person 668
669,Person 669
670,Person 670
671,Person 671
672,Person 672
673,Person 673
674,Person 674
675,Person 675
676,Person 676
677,Person 677
678,Person 678
679,Person 679
680,Person 680
681,Person 681
682,Person 682
683,Person 683
684,Person 684
685,Person 685
686,Person 686
687,Person 687
688,Person 688
689,Person 689
690,Person 690
691,Person 691
692,Person 692
693,Person 693
694,Person 694
695,Person 695
696,Person 696
697,Person 697
698,Person 698
699,Person 699
700,Person 700
701,Person 701
702,Person 702
703,Person 703
704,Person 704
705,Person 705
706,Person 706
707,Person 707
708,Person 708
709,Person 709
710,Person 710
711,Person 711
712,Person 712
713,Person 713
714,Person 714
715,Person 715
716,Person 716
717,Person 717
718,Person 718
719,Person 719
720,Person 720
721,Person 721
722,Person 722
723,Person 723
724,Person 724
725,Person 725
726,Person 726
727,Person 727
728,Person 728
729,Person 729
730,Person 730
731,Person 731
732,Person 732
733,Person 733
734,Person 734
735,Person 735
736,Person 736
737,Person 737
738,Person 738
739,Person 739
740,Person 740
741,Person 741
742,Person 742
743,Person 743
744,Person 744
745,Person 745
746,Person 746
747,Person 747
748,Person 748
749,Person 749
750,Person 750
1,Person 1
2,Person 2
3,Person 3
4,Person 4
5,Person 5
6,Person 6
7,Person 7
8,Person 8
9,Person 9
10,Person 10
11,Person 11
12,Person 12
13,Person 13
14,Person 14
15,Person 15
16,Person 16
17,Person 17
18,Person 18
19,Person 19
20,Person 20
21,Person 21
22,Person 22
23,Person 23
24,Person 24
25,Person 25
26,Person 26
27,Person 27
28,Person 28
29,Person 29
30,Person 30
31,Person 31
32,Person 32
33,Person 33
34,Person 34
35,Person 35
36,Person 36
37,Person 37
38,Person 38
39,Person 39
40,Person 40
41,Person 41
42,Person 42
43,Person 43
44,Person 44
45,Person 45
46,Person 46
47,Person 47
48,Person 48
49,Person 49
50,Person 50
51,Person 51
52,Person 52
53,Person 53
54,Person 54
55,Person 55
56,Person 56
57,Person 57
58,Person 58
59,Person 59
60,Person 60
61,Person 61
62,Person 62
63,Person 63
64,Person 64
65,Person 65
66,Person 66
67,Person 67
68,Person 68
69,Person 69
70,Person 70
71,Person 71
72,Person 72
73,Person 73
74,Person 74
75,Person 75
76,Person 76
77,Person 77
78,Person 78
79,Person 79
80,Person 80
81,Person 81
82,Person 82
83,Person 83
84,Person 84
85,Person 85
86,Person 86
87,Person 87
88,Person 88
89,Person 89
90,Person 90
91,Person 91
92,Person 92
93,Person 93
94,Person 94
95,Person 95
96,Person 96
97,Person 97
98,Person 98
99,Person 99
100,Person 100
101,Person 101
102,Person 102
103,Person 103
104,Person 104
105,Person 105
106,Person 106
107,Person 107
108,Person 108
109,Person 109
110,Person 110
111,Person 111
112,Person 112
113,Person 113
114,Person 114
115,Person 115
116,Person 116
117,Person 117
118,Person 118
119,Person 119
120,Person 120
121,Person 121
122,Person 122
123,Person 123
124,Person 124
125,Person 125
126,Person 126
127,Person 127
128,Person 128
129,Person 129
130,Person 130
131,Person 131
132,Person 132
133,Person 133
134,Person 134
135,Person 135
136,Person 136
137,Person 137
138,Person 138
139,Person 139
140,Person 140
141,Person 141
142,Person 142
143,Person 143
144,Person 144
145,Person 145
146,Person 146
147,Person 147
148,Person 148
149,Person 149
150,Person 150
151,Person 151
152,Person 152
153,Person 153
154,Person 154
155,Person 155
156,Person 156
157,Person 157
158,Person 158
159,Person 159
160,Person 160
161,Person 161
162,Person 162
163,Person 163
164,Person 164
165,Person 165
166,Person 166
167,Person 167
168,Person 168
169,Person 169
170,Person 170
171,Person 171
172,Person 172
173,Person 173
174,Person 174
175,Person 175
176,Person 176
177,Person 177
178,Person 178
179,Person 179
180,Person 180
181,Person 181
182,Person 182
183,Person 183
184,Person 184
185,Person 185
186,Person 186
187,Person 187
188,Person 188
189,Person 189
190,Person 190
191,Person 191
192,Person 192
193,Person 193
194,Person 194
195,Person 195
196,Person 196
197,Person 197
198,Person 198
199,Person 199
200,Person 200
201,Person 201
202,Person 202
203,Person 203
204,Person 204
205,Person 205
206,Person 206
207,Person 207
208,Person 208
209,Person 209
210,Person 210
211,Person 211
212,Person 212
213,Person 213
214,Person 214
215,Person 215
216,Person 216
217,Person 217
218,Person 218
219,Person 219
220,Person 220
221,Person 221
222,Person 222
223,Person 223
224,Person 224
225,Person 225
226,Person 226
227,Person 227
228,Person 228
229,Person 229
230,Person 230
231,Person 231
232,Person 232
233,Person 233
234,Person 234
235,Person 235
236,Person 236
237,Person 237
238,Person 238
239,Person 239
240,Person 240
241,Person 241
242,Person 242
243,Person 243
244,Person 244
245,Person 245
246,Person 246
247,Person 247
248,Person 248
249,Person 249
250,Person 250
